,case_rate,case_rate,case_rate,case_rate,case_rate,case_rate,case_rate,case_rate,case_rate,death_rate,death_rate,death_rate,death_rate,death_rate,death_rate,death_rate,death_rate,death_rate,emp_combined,emp_combined,emp_combined,emp_combined,emp_combined,emp_combined,emp_combined,emp_combined,emp_combined,emp_combined_inclow,emp_combined_inclow,emp_combined_inclow,emp_combined_inclow,emp_combined_inclow,emp_combined_inclow,emp_combined_inclow,emp_combined_inclow,emp_combined_inclow,emp_combined_incmiddle,emp_combined_incmiddle,emp_combined_incmiddle,emp_combined_incmiddle,emp_combined_incmiddle,emp_combined_incmiddle,emp_combined_incmiddle,emp_combined_incmiddle,emp_combined_incmiddle,merchants_all,merchants_all,merchants_all,merchants_all,merchants_all,merchants_all,merchants_all,merchants_all,merchants_all,revenue_all,revenue_all,revenue_all,revenue_all,revenue_all,revenue_all,revenue_all,revenue_all,revenue_all,spend_all,spend_all,spend_all,spend_all,spend_all,spend_all,spend_all,spend_all,spend_all
month,April,August,February,January,July,June,March,May,September,April,August,February,January,July,June,March,May,September,April,August,February,January,July,June,March,May,September,April,August,February,January,July,June,March,May,September,April,August,February,January,July,June,March,May,September,April,August,February,January,July,June,March,May,September,April,August,February,January,July,June,March,May,September,April,August,February,January,July,June,March,May,September
statename,,,,,,,,,,,,,,,,,,,,,,,,,,,,,,,,,,,,,,,,,,,,,,,,,,,,,,,,,,,,,,,,,,,,,,,,
Alabama,85.1,2207.8064516129034,0.0,0.0,1262.0967741935483,544.0333333333333,4.032,244.6451612903226,2684.4,2.7494666666666663,38.745161290322585,0.0,0,25.277419354838706,16.113333333333333,0.027638709677419354,9.49225806451613,46.089999999999996,-0.1755333333333333,-0.08722580645161288,0.008116551724137932,0.0036432727272727268,-0.0932193548387097,-0.10011333333333332,-0.01662493548387097,-0.15503225806451612,-0.08554,-0.31899999999999995,-0.17103225806451613,-0.007326896551724137,0.002017363636363636,-0.17654838709677415,-0.19099999999999998,-0.05128387096774194,-0.27767741935483875,-0.16570000000000001,-0.12252000000000002,-0.050954838709677416,0.0188,0.009209999999999998,-0.05811290322580643,-0.06835666666666668,-0.00027193548387096706,-0.1106741935483871,-0.052590000000000005,-0.40170000133333333,-0.24129032322580649,-0.0221727585862069,0.002597899909090909,-0.21922580580645165,-0.21826666466666664,-0.17520967722580646,-0.25216128967741935,-0.237100001,-0.4093666676666666,-0.265193550967742,0.012530689275862072,0.013570908909090906,-0.20548387225806447,-0.1865666666666667,-0.21155419299999997,-0.2300645158064516,-0.22650000399999995,-0.21006666666666665,0.03511548387096773,-0.014280310344827584,-0.00036636363636363624,-0.008778064516129032,-0.01963887333333333,-0.08430011935483869,-0.06501290322580644,0.035144999999999996
Alaska,37.50666666666666,682.8387096774194,0.0,0.0,298.258064516129,104.85333333333332,3.751548387096774,54.041935483870965,888.7,0.7882666666666671,3.7167741935483876,0.0,0,2.186451612903226,1.3263333333333338,0.035258064516129034,1.0685483870967742,5.193999999999999,-0.22826666666666676,-0.02282903225806451,-0.009726286206896551,0.003383636363636364,-0.044612903225806466,-0.09889666666666666,-0.03714354838709677,-0.1909677419354839,-0.047959999999999996,-0.4329333333333333,-0.2751290322580645,-0.0899241379310345,-0.011262727272727273,-0.23083870967741935,-0.2441666666666667,-0.09504516129032257,-0.410032258064516,-0.29819999999999997,-0.22853333333333337,0.012158661290322585,-0.009884241379310344,0.005442727272727273,-0.04002535483870969,-0.11876000000000003,-0.04320016129032258,-0.20322580645161287,-0.024110000000000003,-0.419233334,-0.37209677290322574,-0.03829655162068966,-0.0008918181818181822,-0.317580644516129,-0.324166666,-0.18128709596774192,-0.300258064516129,-0.37039999999999995,-0.4493666686666666,-0.3636451580645161,0.02311413872413793,-0.03239545509090908,-0.3083548374193548,-0.32466666699999996,-0.21510564616129033,-0.28429032290322587,-0.318900001,-0.29950000000000004,-0.11796451612903226,0.01160896551724138,0.007180272727272727,-0.1481387096774194,-0.14366333333333337,-0.07862999999999999,-0.17670967741935487,-0.08163000000000001
Arizona,58.93,2637.5806451612902,0.013699999999999993,0.007472727272727273,1819.3548387096773,594.1,3.0272354838709674,184.8709677419355,2817.6,2.230633333333334,61.177419354838705,0.0,0,35.41290322580645,17.18,0.05229677419354838,8.804838709677417,71.20000000000002,-0.15750000000000003,-0.08160322580645162,0.01814965517241379,0.0036632727272727273,-0.08978064516129032,-0.07698,-0.006886612903225804,-0.12417096774193549,-0.07182000000000001,-0.2705,-0.2510967741935484,-0.00046044137931034487,-0.001244,-0.2538064516129032,-0.24696666666666667,-0.046079354838709674,-0.2949032258064517,-0.24160000000000004,-0.12935666666666668,-0.030441935483870967,0.022862068965517242,0.007025454545454546,-0.04016774193548386,-0.028420000000000004,0.005650000000000006,-0.08027096774193548,-0.02077,-0.3282666683333334,-0.21932258096774201,-0.005769103551724138,-0.0025692727272727273,-0.1976774190322581,-0.18666666799999998,-0.11326451667741937,-0.20777419258064514,-0.2072,-0.36420000133333347,-0.24516128903225803,0.05223206899999999,0.0029007272727272727,-0.19858064516129037,-0.1579666683333333,-0.1681058068709677,-0.1947774215806452,-0.249200005,-0.26933333333333337,-0.03756774193548386,0.022703448275862074,-0.002898181818181818,-0.0833258064516129,-0.10966999999999996,-0.0801683870967742,-0.16770967741935483,-0.009417
Arkansas,59.19666666666667,1746.5806451612902,0.0,0.0,1039.4193548387098,444.3,4.241616129032258,160.48387096774192,2157.3,1.1127,20.400000000000002,0.0,0,11.573548387096775,6.511666666666667,0.03849677419354839,3.3538709677419356,29.35,-0.16069333333333333,-0.12758064516129028,0.005553103448275862,0.002743545454545455,-0.12058064516129034,-0.09112666666666668,-0.01634858064516129,-0.12733225806451612,-0.13640000000000002,-0.3010333333333334,-0.19264516129032264,0.0016653793103448282,0.0038359999999999996,-0.18567741935483872,-0.2028333333333333,-0.046222580645161285,-0.2793548387096774,-0.20750000000000002,-0.08844333333333333,-0.06601935483870967,0.013616206896551724,0.00584250909090909,-0.06410645161290324,-0.019472033333333336,0.004113645161290318,-0.047174838709677404,-0.07181,-0.2725999986666666,-0.18812903258064514,-0.005478655068965516,-0.002446472727272727,-0.16371290519354836,-0.1585333316666667,-0.09628412929032258,-0.15687096806451611,-0.193199997,-0.256833333,-0.14587096903225807,0.02187862072413793,-0.010826727000000001,-0.1056580646451613,-0.06475600056666668,-0.14113548458064515,-0.07559548387096775,-0.1726,-0.11418833333333332,0.04629193548387096,0.002469827586206897,0.010838818181818182,0.04565548387096774,0.02746550000000001,-0.06497258064516129,0.0027088387096774204,0.03874999999999999
California,73.05333333333334,1564.9032258064517,0.024868620689655167,0.0032200000000000006,931.0645161290323,413.8666666666667,4.523377419354838,202.19354838709677,1864.4,2.5462666666666665,28.535483870967738,0.0,0,18.990322580645163,13.133333333333333,0.09088064516129032,8.112258064516126,34.599999999999994,-0.21669999999999998,-0.10748387096774195,0.01963793103448276,0.007244545454545453,-0.10912903225806458,-0.11996666666666671,-0.025075483870967738,-0.18461290322580645,-0.10540000000000001,-0.3332,-0.2801612903225806,-0.022296551724137928,-0.009114545454545457,-0.2671612903225806,-0.2664999999999999,-0.09163225806451614,-0.32129032258064505,-0.2821,-0.23196666666666668,-0.10832258064516129,0.02691724137931035,0.01092090909090909,-0.11222580645161287,-0.12940000000000004,-0.01726548387096774,-0.20480645161290323,-0.1049,-0.4208666686666666,-0.32635483967741935,-0.00453103448275862,-0.0022190909090909097,-0.28264515838709686,-0.30090000233333336,-0.1795193541612903,-0.3484838700000001,-0.303700003,-0.4854333303333333,-0.29303225838709684,0.05562182775862069,-0.005868182,-0.24364516419354842,-0.2641333316666667,-0.2257056463870968,-0.3489032267741935,-0.25650000100000003,-0.34013333333333345,-0.1306451612903226,0.016623103448275865,-0.0018009090909090904,-0.14993548387096775,-0.19753333333333328,-0.12056193548387094,-0.2585483870967742,-0.10634000000000002
Colorado,152.87,919.9354838709677,0.0,0.0,680.9677419354839,513.1333333333333,10.42018387096774,370.03225806451616,1031.3,6.780333333333333,32.93225806451612,0.0,0,30.406451612903226,27.803333333333338,0.1927741935483871,19.93548387096775,34.28,-0.18146666666666667,-0.04072258064516129,0.008818275862068969,0.004690000000000001,-0.048483870967741934,-0.07028666666666666,-0.020607483870967745,-0.1343709677419355,-0.04970999999999999,-0.31046666666666667,-0.15835483870967743,-0.007297586206896553,0.0032850909090909085,-0.1655806451612903,-0.1975333333333333,-0.05705806451612902,-0.2746451612903227,-0.18749999999999997,-0.19050000000000003,-0.027803225806451608,0.01171793103448276,0.007264545454545455,-0.03623225806451614,-0.06358,-0.016154548387096773,-0.14381612903225802,-0.035399999999999994,-0.42946666800000005,-0.25461289967741935,-0.02906448279310345,0.0038581818181818188,-0.23419354903225809,-0.2520666686666667,-0.1499852584516129,-0.26725806548387104,-0.24959999700000002,-0.4269000016666667,-0.267935484516129,0.01091689672413793,0.002857272727272728,-0.24625806419354845,-0.217966666,-0.15511999987096772,-0.22380645129032256,-0.27349999999999997,-0.3242333333333332,-0.0980709677419355,-0.017758448275862072,0.006705545454545454,-0.11157741935483874,-0.14236666666666664,-0.11830258064516128,-0.18748387096774186,-0.08380999999999998
Connecticut,436.7933333333333,1434.4516129032259,0.0,0.0,1342.3225806451612,1260.9333333333334,13.208429032258064,1017.1290322580645,1499.3,27.816666666666663,124.80645161290323,0.0,0,122.93548387096774,117.23333333333333,0.2561935483870968,91.40967741935484,125.1,-0.23650000000000002,-0.0716516129032258,0.0009731724137931036,0.0029254545454545453,-0.08168709677419357,-0.10547333333333332,-0.03888935483870968,-0.18293548387096775,-0.06068,-0.38326666666666676,-0.15322580645161288,-1.5458620689655225e-05,0.004945454545454545,-0.15661290322580643,-0.2295333333333333,-0.05523258064516128,-0.34819354838709676,-0.19280000000000003,-0.23229999999999998,-0.0663741935483871,-0.0017831172413793103,0.002542727272727273,-0.08073225806451614,-0.10402,-0.040213277419354834,-0.18032258064516127,-0.03803,-0.41226666699999986,-0.2587741941935484,-0.010726724275862071,1.90909090909091e-05,-0.20548387193548387,-0.2664333326666667,-0.15425290303225808,-0.33412903064516136,-0.22939999900000002,-0.43789999766666654,-0.30161290193548385,0.01648993124137931,-0.005723636363636362,-0.23170967967741937,-0.2348333336666667,-0.1854667768387097,-0.3174516141935485,-0.212700002,-0.3348666666666667,-0.14909999999999998,-0.010971275862068967,-0.002480909090909089,-0.15854838709677418,-0.17703333333333326,-0.126386,-0.22403225806451615,-0.11569999999999998
Delaware,231.0366666666667,1667.9354838709678,0.0,0.0,1358.9032258064517,1070.1,6.250870967741935,759.8709677419355,1845.9,6.298333333333334,53.98064516129033,0.0,0,47.751612903225805,42.82666666666667,0.1027741935483871,27.76774193548387,55.36,-0.20083333333333334,-0.05453225806451614,0.009606206896551724,0.003729818181818182,-0.06227419354838709,-0.09935999999999999,-0.017598961290322578,-0.17954838709677415,-0.05550000000000001,-0.3835,-0.13883870967741932,-0.0027087931034482757,0.0051618181818181815,-0.15693548387096773,-0.24783333333333332,-0.06190580645161291,-0.3686451612903226,-0.14859999999999998,-0.16860000000000003,-0.05150322580645162,0.005567986206896552,0.002254090909090909,-0.053787096774193535,-0.08271666666666667,-0.01291548387096774,-0.15680645161290319,-0.045320000000000006,-0.4312666680000001,-0.2521935470967742,-0.02119420675862069,-0.00030645454545454585,-0.2466451606451613,-0.28636666533333344,-0.16810645329032256,-0.3647419361290322,-0.218299999,-0.42976666866666674,-0.27561290161290325,-0.008809655620689655,0.015811727545454544,-0.24574193548387108,-0.2270666656666667,-0.21451935387096774,-0.35380645129032257,-0.233699997,-0.34170000000000006,-0.14927096774193546,-0.06225862068965518,-0.016345845454545458,-0.16638709677419355,-0.1613333333333333,-0.15153548387096774,-0.22067741935483876,-0.10299
District Of Columbia,335.1166666666667,1864.258064516129,0.0,0.0,1578.9032258064517,1378.2333333333333,13.357999999999999,983.2258064516129,2018.3,12.520999999999997,84.53870967741932,0.0,0,81.04193548387096,72.91000000000001,0.18767741935483873,51.63225806451614,86.58000000000001,-0.1834333333333333,-0.12999999999999998,0.01693206896551724,0.005490000000000001,-0.1332258064516129,-0.14403333333333332,-0.020705806451612904,-0.1729677419354838,-0.13240000000000002,-0.1539,-0.16435483870967743,0.022871724137931034,0.0018242727272727273,-0.15738709677419355,-0.13826666666666668,0.006051290322580644,-0.16780645161290322,-0.15660000000000002,-0.26726666666666665,-0.19906451612903228,0.013879310344827587,0.007937272727272727,-0.2053225806451614,-0.23356666666666673,-0.03932612903225806,-0.269741935483871,-0.20500000000000002,-0.504266664,-0.37219355064516124,-0.009633655034482757,0.014586363727272726,-0.36512903322580637,-0.44083333333333324,-0.21410645122580643,-0.474258066451613,-0.3616999999999999,-0.7040666700000002,-0.566193547419355,-0.0024060337586206864,-0.011352272727272726,-0.5679032270967743,-0.6356000039999999,-0.38106451387096774,-0.6482903225806452,-0.5347999980000001,-0.4648333333333334,-0.33054838709677425,-0.0013630344827586208,0.004665454545454544,-0.34,-0.3647666666666666,-0.18901,-0.41045161290322585,-0.2737
Florida,104.25666666666666,2623.8064516129034,0.0,0.0,1463.8387096774193,409.4,5.345336129032258,209.6451612903226,2997.1,3.025866666666667,43.20967741935483,0.0,0,22.396774193548385,13.9,0.07342838709677418,8.960645161290321,55.019999999999996,-0.18316666666666664,-0.055445161290322585,0.014213793103448277,0.006343636363636365,-0.060819354838709705,-0.06812,-0.015110935483870968,-0.1340741935483871,-0.050140000000000004,-0.3087666666666667,-0.1582580645161291,0.006482758620689656,0.006824545454545455,-0.15580645161290324,-0.17406666666666662,-0.04261322258064516,-0.26841935483870977,-0.15350000000000003,-0.1533833333333333,-0.027877419354838708,0.018099999999999998,0.008901818181818183,-0.03700645161290322,-0.04570666666666665,-0.005354999999999999,-0.10899354838709677,-0.022480000000000003,-0.3915666643333333,-0.2298064516129032,-0.009133103448275861,-0.0016686363636363632,-0.20616129,-0.19763333300000002,-0.12179032241935485,-0.24364516225806446,-0.17279999799999998,-0.48640000166666664,-0.2612580641935484,0.039796896724137935,0.009167272727272729,-0.24745161096774193,-0.205466667,-0.20331580629032256,-0.2815806470967742,-0.15959999900000002,-0.21506666666666668,-0.037105806451612905,-0.02374862068965517,0.003957818181818182,-0.06610322580645163,-0.08013666666666668,-0.09150193548387098,-0.11808387096774196,0.016000000000000004
Georgia,142.34333333333333,2052.6129032258063,0.0,0.0,1152.774193548387,544.6666666666666,6.7218193548387095,337.06451612903226,2496.2,5.667,43.20322580645162,0.0,0,29.283870967741937,22.986666666666665,0.21245225806451618,14.861290322580647,55.04,-0.20003333333333337,-0.059641935483870964,0.008646551724137932,0.0038909090909090907,-0.07874838709677419,-0.09083000000000002,-0.028940548387096778,-0.14958064516129033,-0.04722,-0.33809999999999996,-0.1615483870967742,0.0004660000000000002,0.005726363636363635,-0.17341935483870968,-0.19806666666666667,-0.06308387096774196,-0.28687096774193543,-0.15839999999999999,-0.17750000000000002,-0.04474516129032257,0.010347586206896551,0.004752727272727273,-0.06999032258064516,-0.08262333333333331,-0.021919354838709677,-0.1325161290322581,-0.02694,-0.36169999899999994,-0.22745161322580645,-0.016807931103448276,-0.003048181818181818,-0.20490322677419356,-0.20943333566666666,-0.12404838751612904,-0.2030322596774193,-0.2137,-0.39969999933333344,-0.22429032096774196,0.023170793241379314,0.0008419090909090906,-0.1883225793548387,-0.1766999993333333,-0.17776096851612902,-0.22083870870967745,-0.21900000299999997,-0.26036666666666664,-0.04931612903225807,-0.012692275862068968,0.0015345454545454536,-0.061880645161290326,-0.07826666666666666,-0.09917322580645162,-0.14583870967741938,-0.015813
Hawaii,35.28666666666666,357.38709677419354,0.0,0.0,94.1516129032258,52.5,3.3602967741935488,44.27096774193548,680.7,0.6451866666666667,2.8641935483870964,0.0,0,1.5329032258064526,1.2093333333333334,0.0022774193548387093,1.195483870967742,5.841,-0.36633333333333346,-0.27041935483870966,-0.032975862068965515,0.008600018181818181,-0.2544193548387097,-0.2581666666666667,-0.07293548387096775,-0.3215483870967742,-0.292,-0.4222333333333333,-0.22716129032258073,-0.05165068965517241,0.008785545454545454,-0.21100000000000002,-0.24443333333333336,-0.1118032258064516,-0.34141935483870967,-0.2804,-0.3728333333333334,-0.3045806451612903,-0.029810344827586214,0.006181181818181818,-0.30006451612903223,-0.30650000000000005,-0.052051612903225804,-0.35535483870967755,-0.3152,-0.5393000010000001,-0.30900000064516125,-0.0042549999655172414,-0.0039081818181818185,-0.2965483877419356,-0.3329000006666666,-0.17136128896774194,-0.4438387093548387,-0.39490000799999997,-0.6987333316666666,-0.4975161312903225,0.02881413755172413,-0.0047727275454545436,-0.4684838712903226,-0.4969333349999999,-0.35626451745161286,-0.5854838738709678,-0.5133999969999999,-0.1712833333333333,0.06087741935483871,-0.012487355172413794,0.01365181818181818,0.10472258064516131,0.050422666666666685,-0.05968683870967741,-0.04315677419354838,0.07252
Idaho,85.70333333333332,1531.741935483871,0.0,0.0,744.2903225806451,217.96666666666667,4.257290322580645,135.48387096774192,1897.2,2.0478000000000005,15.506451612903225,0.0,0,6.8596774193548375,4.901333333333335,0.061419354838709674,4.090000000000001,21.65,-0.1557999999999999,-0.056035483870967746,0.027279310344827584,0.010361818181818182,-0.06612903225806452,-0.06942333333333335,-0.004846129032258068,-0.12158709677419355,-0.058660000000000004,-0.28419999999999995,-0.1633225806451613,0.013782758620689659,0.00638,-0.15438709677419354,-0.17976666666666657,-0.04113064516129032,-0.28522580645161294,-0.1686,-0.09646333333333333,-0.009386451612903225,0.03390689655172414,0.011808181818181817,-0.029219354838709674,-0.019056,0.019486774193548384,-0.05543212903225806,-0.004799,-0.33659999933333334,-0.19512903322580646,-0.006247241379310345,-0.0067,-0.17051612612903225,-0.16266666666666668,-0.10945935380645161,-0.19999999967741938,-0.191200001,-0.29419999966666666,-0.1353548386774194,0.07275241417241383,0.0025500000000000006,-0.10907096687096773,-0.06499666616666668,-0.12279387132258064,-0.08308806412903225,-0.0884100001,-0.17146000000000003,0.02324941935483871,0.0038490689655172384,0.00452909090909091,0.009599677419354838,-0.0020694333333333335,-0.05802967741935484,-0.06265354838709679,0.06258
Illinois,211.08666666666667,1648.967741935484,0.016072413793103445,0.007176363636363637,1269.8064516129032,1058.9666666666667,8.440374193548388,718.4516129032259,1971.8,8.580000000000002,63.01290322580644,0.0,0,58.729032258064514,51.306666666666665,0.11454451612903227,31.870967741935484,66.25,-0.1655666666666666,-0.054590322580645174,0.009593793103448277,0.004584545454545455,-0.06637096774193549,-0.09015000000000001,-0.019729032258064518,-0.14003225806451614,-0.052259999999999994,-0.2996666666666667,-0.24777419354838706,0.007932068965517241,0.0043718181818181824,-0.21545161290322584,-0.21993333333333334,-0.04826786129032258,-0.28754838709677427,-0.26510000000000006,-0.16516666666666663,-0.007223548387096774,0.00737,0.006052727272727273,-0.03956129032258065,-0.08853333333333332,-0.01969838709677419,-0.14393548387096777,-0.0028920000000000005,-0.4137999983333334,-0.2630967767741936,-0.02629310382758621,-0.0030272726363636373,-0.24358064645161295,-0.2841666633333333,-0.17895806538709674,-0.34993548322580637,-0.25699999900000003,-0.4593333319999999,-0.2762580619354839,0.002464138241379309,0.010796363636363637,-0.22977419193548382,-0.26830000100000007,-0.23268387022580647,-0.36774193645161285,-0.2694000020000001,-0.2678333333333334,-0.08340000000000003,-0.03240068965517241,-0.011933636363636368,-0.09451612903225806,-0.10353333333333332,-0.1514774193548387,-0.16764516129032261,-0.07398
Indiana,144.81333333333333,1220.3548387096773,0.0,0.0,836.0322580645161,614.6,4.861774193548388,410.7741935483871,1500.9,8.021333333333335,46.56451612903226,0.0,0,41.61612903225805,36.17333333333333,0.1499806451612903,25.27741935483871,49.919999999999995,-0.1952333333333334,-0.060074193548387105,0.008625862068965517,0.0046081818181818186,-0.06007096774193549,-0.07314999999999999,-0.02366500322580645,-0.14035483870967738,-0.07541,-0.2995666666666666,-0.10883870967741936,0.0015638620689655174,0.002418181818181818,-0.11570967741935485,-0.15676666666666664,-0.0525716129032258,-0.24070967741935487,-0.1324,-0.15971333333333332,-0.04606451612903225,0.013684137931034483,0.008916363636363637,-0.03901290322580645,-0.04452,-0.007633870967741934,-0.11286451612903227,-0.06207,-0.3894333289999999,-0.2447096780645162,-0.02706896537931034,-0.0036118186363636377,-0.21712903193548388,-0.21743333166666665,-0.15745806496774198,-0.24948386967741942,-0.24129999999999993,-0.41533333133333333,-0.23019354903225808,-0.006706551344827581,-0.0018318180909090904,-0.20687096806451616,-0.16316666733333335,-0.20650967716129032,-0.19900000096774195,-0.23149999699999996,-0.21946666666666673,0.10260322580645162,-0.03733034482758621,-0.0016054545454545455,0.0839741935483871,0.019544866666666667,-0.13303548387096772,-0.054091935483870965,0.18039999999999998
Iowa,88.43,1688.032258064516,0.0,0.0,1178.0,773.0333333333333,2.8543580645161293,451.1290322580645,2200.8,2.0566666666666666,31.351612903225814,0.0,0,24.758064516129036,20.74,0.026590322580645163,11.009354838709676,36.940000000000005,-0.19530000000000006,-0.08820967741935486,0.005596896551724138,0.004453636363636364,-0.09212258064516127,-0.10880000000000002,-0.016833161290322578,-0.16593548387096768,-0.09778,-0.34400000000000003,-0.17961290322580648,0.006986896551724136,0.006572727272727273,-0.1700322580645161,-0.19416666666666668,-0.04238870967741935,-0.28341935483870967,-0.1888,-0.16317333333333334,-0.06523870967741938,0.0026029310344827575,0.004353636363636364,-0.0854032258064516,-0.10192333333333335,-0.012716419354838707,-0.14809677419354844,-0.07674,-0.34560000100000005,-0.19858064483870969,0.005457793206896555,0.007658181545454549,-0.1677096783870968,-0.1738000006666666,-0.12056322703225805,-0.22787097,-0.1745,-0.3687333323333333,-0.20267741903225808,0.08149379327586208,0.027127272090909094,-0.1624838712903226,-0.11412666759999997,-0.150001812,-0.18464161212903224,-0.20260000100000003,-0.2882666666666667,-0.1101225806451613,0.007267344827586211,0.01464781818181818,-0.15080645161290318,-0.14790000000000003,-0.1396516129032258,-0.18254838709677415,-0.10521
Kansas,63.6,1203.3225806451612,0.0,0.0,735.1612903225806,406.3,2.663241935483871,266.96774193548384,1589.7,2.563966666666666,13.993548387096775,0.0,0,10.68483870967742,8.531666666666665,0.06641290322580644,6.284516129032258,16.469999999999995,-0.15736666666666668,-0.057648387096774195,-0.0010445862068965519,-0.00047590909090909086,-0.048383870967741945,-0.057226666666666676,-0.01857467741935484,-0.1197,-0.06392,-0.2666666666666667,-0.12990322580645158,-0.010685862068965515,8.700000000000027e-05,-0.10622580645161292,-0.1338333333333334,-0.026046290322580646,-0.23229032258064514,-0.1385,-0.13723333333333335,-0.03675483870967742,0.003109388275862069,-0.0014948181818181818,-0.034703225806451625,-0.04995000000000001,-0.01192483870967742,-0.10681935483870966,-0.04588000000000001,-0.32170000000000004,-0.1800645164516129,0.004157896793103449,0.004150090909090909,-0.16606451580645157,-0.173133333,-0.12274193558064515,-0.19812903161290324,-0.1796,-0.34830000099999997,-0.168741934516129,0.053393044206896556,-0.010059091000000001,-0.16509677354838706,-0.14094666593333333,-0.14392612951612901,-0.17346129074193556,-0.1779,-0.22159999999999994,-0.016257741935483874,-0.00591751724137931,0.008038181818181818,-0.0361185,-0.040609666666666655,-0.09534935483870967,-0.09787741935483871,0.013335000000000003
Kentucky,55.8,918.9677419354839,0.0,0.0,501.0967741935484,290.6333333333333,2.4520096774193547,169.41935483870967,1243.6,2.900666666666667,19.006451612903223,0.0,0,15.080645161290322,11.741999999999999,0.06061935483870968,7.8316129032258095,23.099999999999998,-0.201,-0.06077419354838708,0.010963793103448274,0.005028181818181818,-0.05965483870967744,-0.08650333333333331,-0.01637064516129032,-0.16799999999999998,-0.0611,-0.30123333333333324,-0.13732258064516129,0.0030362862068965516,0.005904,-0.13348387096774192,-0.17096666666666663,-0.0451159064516129,-0.2786451612903226,-0.1357,-0.1728233333333333,-0.029209677419354846,0.015621034482758625,0.0053054545454545455,-0.03441935483870968,-0.06723666666666665,-0.0021161290322580634,-0.14225806451612907,-0.034609999999999995,-0.38033333266666675,-0.20283870967741938,-0.02094586217241379,-0.0011124545454545454,-0.1701612903225806,-0.1836999993333333,-0.1519032270645161,-0.27438709806451606,-0.200799997,-0.38360000033333325,-0.18832258032258067,0.001521241344827586,0.014939090636363637,-0.14152580606451612,-0.11318333366666665,-0.18777419461290326,-0.21219354870967744,-0.18199999899999997,-0.1597633333333333,-0.015243225806451615,-0.020399758620689653,-0.01242727272727273,-0.023338064516129034,0.03614000000000001,-0.08833290322580646,-0.03210387096774194,0.01716083
Louisiana,448.6666666666667,2934.1935483870966,0.0,0.0,1871.1612903225807,1030.1666666666667,20.07759677419355,736.3548387096774,3293.4,23.570333333333338,96.45161290322581,0.0,0,75.83548387096776,65.29999999999998,0.7891290322580644,52.60000000000001,109.1,-0.22126666666666675,-0.13909677419354832,0.006236896551724138,0.006698181818181819,-0.14900000000000002,-0.14773333333333333,-0.04208016129032258,-0.19845161290322574,-0.13199999999999998,-0.3161666666666666,-0.22396774193548388,-0.0011064482758620698,0.009072727272727272,-0.23851612903225813,-0.24273333333333338,-0.061112903225806446,-0.31719354838709685,-0.2085,-0.18189999999999998,-0.10800000000000001,0.015234482758620691,0.008784545454545455,-0.11993548387096778,-0.11573333333333338,-0.030538612903225803,-0.1550967741935484,-0.1045,-0.43050000066666655,-0.3141935480645161,-0.025364758689655167,0.0018704545454545454,-0.24141935451612903,-0.26409999966666664,-0.16820000041935484,-0.30296774129032267,-0.363400001,-0.4650999983333334,-0.3200645151612903,0.0031441375862068964,0.012576116545454543,-0.2271935483870968,-0.22756666733333336,-0.2561096778064516,-0.2700322606451613,-0.323300004,-0.20733999999999994,-0.003815032258064514,-0.027443448275862068,0.014470272727272727,-0.013906774193548384,-0.03697103333333333,-0.10054419354838709,-0.08392903225806451,0.008449999999999997
Maine,55.44333333333332,311.741935483871,0.0,0.0,268.83870967741933,208.46666666666667,5.063206451612904,125.23870967741935,346.8,2.0898999999999996,9.481290322580643,0.0,0,8.509032258064515,7.464,0.03118709677419355,5.231612903225805,9.939,-0.2696000000000001,-0.0092158064516129,0.001669648275862069,0.0032372727272727275,-0.028861290322580647,-0.08913333333333334,-0.04697548387096775,-0.1817096774193548,-0.01285,-0.4344666666666667,-0.182258064516129,0.005712827586206896,0.010152727272727273,-0.19016129032258067,-0.28023333333333333,-0.0873,-0.3821935483870968,-0.2252,-0.2413666666666667,0.03296129032258065,-0.0012620931034482761,0.0025518181818181816,0.012830709677419352,-0.046770000000000006,-0.03661541935483871,-0.14595161290322586,0.03438,-0.5077999983333334,-0.3556451625806451,-0.05248275875862071,0.0006154544545454557,-0.331677420967742,-0.359366667,-0.28461290451612903,-0.3993870993548387,-0.347400001,-0.5532666673333334,-0.4085806461290322,-0.023896344689655173,0.012677272727272725,-0.41067742129032253,-0.36519999799999997,-0.3581290329032259,-0.45503225935483876,-0.339100002,-0.14137000000000005,-0.09052903225806448,-0.024545103448275863,-0.0067,-0.0835258064516129,-0.03839063333333334,-0.07306067741935483,0.004415161290322579,-0.0759
Maryland,180.50333333333336,1656.0967741935483,0.0,0.0,1276.1290322580646,1029.3,4.713280645161291,635.3225806451613,1854.9,7.584966666666667,60.154838709677406,0.0,0,55.400000000000006,48.54333333333334,0.04481290322580645,31.61612903225807,62.75999999999999,-0.18716666666666668,-0.06928709677419355,0.007412758620689656,0.003110909090909091,-0.07669999999999998,-0.10328333333333335,-0.01999974193548387,-0.16874193548387093,-0.06902,-0.3444333333333333,-0.2251290322580645,0.002913893103448276,0.008077272727272726,-0.22274193548387092,-0.2634,-0.052982729032258064,-0.34551612903225815,-0.2364,-0.17326666666666665,-0.05168064516129032,0.007385862068965517,0.002615090909090909,-0.06460967741935483,-0.09780666666666667,-0.014351741935483872,-0.16070967741935482,-0.050949999999999995,-0.46863333499999993,-0.23154838709677417,-0.002453310068965516,0.002467363636363636,-0.22158064483870973,-0.28669999933333334,-0.16920645267741935,-0.39077419354838716,-0.21930000299999994,-0.5089333303333333,-0.2566451583870968,0.020578276275862062,0.00422090881818182,-0.22235483903225806,-0.25916666400000005,-0.2242419367096774,-0.410935485483871,-0.23869999600000003,-0.31223333333333336,-0.0795967741935484,-0.00646403448275862,-0.005895818181818182,-0.09752258064516128,-0.13599333333333333,-0.11325354838709677,-0.20351612903225808,-0.035109999999999995
Massachusetts,472.8666666666667,1789.967741935484,0.01450000000000001,0.0,1637.483870967742,1530.5333333333333,16.111645161290323,1208.7096774193549,1785.3,20.777666666666672,128.1290322580645,0.0,0,121.45161290322581,110.73333333333333,0.1590967741935484,79.94193548387099,132.3,-0.27359999999999995,-0.07109354838709679,0.001716793103448276,0.0028781818181818184,-0.09690967741935484,-0.14523333333333338,-0.04926567741935484,-0.2228387096774193,-0.06379,-0.44989999999999986,-0.21735483870967742,-0.018972758620689652,-0.0038870909090909095,-0.25548387096774194,-0.3353666666666666,-0.11151612903225805,-0.432193548387097,-0.22729999999999997,-0.3000333333333333,-0.07317096774193549,0.0033606896551724146,0.004964545454545454,-0.10081290322580645,-0.1647,-0.047243548387096775,-0.253,-0.06597,-0.4941333313333332,-0.2840000012903227,-0.02537655155172414,0.004023636363636362,-0.2720322567741936,-0.36549999666666666,-0.1736438724516129,-0.4271290338709678,-0.274399999,-0.5479333346666666,-0.36132258096774195,0.028960827448275862,0.011261818000000002,-0.3430645129032258,-0.37793333333333334,-0.22425064619354837,-0.4500000032258066,-0.30310000000000004,-0.3013666666666667,-0.00899293548387097,-0.008976206896551726,-0.004038181818181818,0.0011644193548387102,-0.0894266666666667,-0.12679967741935483,-0.17490322580645157,0.035762
Michigan,273.2,1022.5483870967741,0.0,0.0,802.0645161290323,661.4,12.670129032258064,503.51612903225805,1174.7,19.865666666666666,66.04516129032258,0.0,0,63.42580645161289,59.90333333333333,0.31204193548387094,48.116129032258065,68.25999999999999,-0.31493333333333323,-0.0763032258064516,0.008154827586206895,0.005277272727272727,-0.0952290322580645,-0.13523333333333337,-0.035281774193548394,-0.2608064516129033,-0.06849000000000001,-0.45603333333333335,-0.22138709677419352,0.004753862068965517,0.009342727272727273,-0.22783870967741943,-0.29990000000000006,-0.06705935483870967,-0.4331290322580645,-0.2253,-0.30356666666666665,-0.03693870967741935,0.00868965517241379,0.0045309090909090915,-0.06382258064516129,-0.10296666666666669,-0.02587483870967742,-0.24396774193548393,-0.02492,-0.48303333433333334,-0.2766451612903225,-0.009984137965517243,0.000639999636363637,-0.25806451451612905,-0.30799999866666666,-0.16923548261290322,-0.37380645,-0.277300003,-0.4991333356666666,-0.24454838483870972,0.03795758655172414,0.013102727818181819,-0.186903225483871,-0.18450000066666672,-0.19687483938709674,-0.29564516193548385,-0.251800001,-0.23486666666666667,0.04056999999999999,-0.010716172413793102,-0.0008018181818181795,0.04027000000000001,0.037143333333333334,-0.10668903225806452,-0.05607225806451612,0.09796
Minnesota,38.583333333333336,1155.6129032258063,0.0,0.0,794.3548387096774,546.8666666666667,2.5641064516129033,268.4193548387097,1415.8,2.257133333333333,31.138709677419357,0.0,0,27.7225806451613,23.33666666666667,0.02689032258064516,12.514193548387098,33.75000000000001,-0.21143333333333328,-0.07094193548387097,0.003808275862068966,0.0029281818181818185,-0.08391935483870966,-0.11084666666666669,-0.03104390322580645,-0.17661290322580647,-0.06115999999999999,-0.36836666666666656,-0.21332258064516127,0.00026915172413793107,0.006678181818181818,-0.22096774193548388,-0.2622,-0.059557774193548386,-0.3564516129032259,-0.22190000000000004,-0.20846666666666672,-0.05676129032258064,0.002586241379310345,0.004558181818181818,-0.07343548387096774,-0.10751,-0.03137161290322581,-0.17816129032258066,-0.044489999999999995,-0.3663666670000001,-0.20106451387096774,0.013437586448275864,0.00029999963636363503,-0.18974193419354837,-0.21029999900000002,-0.12963967574193547,-0.284741935483871,-0.195099998,-0.4020333300000001,-0.20870967838709678,0.11962958586206897,0.0077918187272727315,-0.16912903290322576,-0.16810000099999997,-0.11851451632258063,-0.23877419290322585,-0.206199998,-0.2883333333333334,-0.08376451612903225,0.019953431034482758,0.007435454545454545,-0.0916225806451613,-0.09842333333333333,-0.0997851935483871,-0.16374193548387098,-0.06883
Mississippi,122.93666666666667,2422.967741935484,0.0,0.0,1386.3548387096773,688.2666666666667,6.279232258064517,372.93548387096774,2899.8,4.447900000000001,69.93548387096773,0.0,0,44.35806451612903,30.62333333333334,0.09540645161290323,17.126451612903224,86.4,-0.15461999999999998,-0.04550967741935484,0.002558689655172413,0.0024981818181818182,-0.06336451612903227,-0.07227333333333334,-0.027289870967741936,-0.1215451612903226,-0.07793,-0.19833333333333333,-0.11070967741935486,-0.0012615310344827584,-0.00041453636363636366,-0.12432258064516126,-0.1254333333333334,-0.035306451612903224,-0.18503225806451615,-0.1377,-0.11302666666666668,0.025029032258064517,0.0077268965517241365,0.008000909090909092,0.0003014193548387104,-0.020759333333333334,-0.008449677419354838,-0.07141290322580646,-0.0208274,-0.3628333316666667,-0.2483225803225807,-0.025409655586206895,0.0004422727272727273,-0.22374193354838715,-0.21743333333333328,-0.14736451687096777,-0.22809677354838703,-0.252199999,-0.36550000133333344,-0.19696451612903226,0.005450758379310348,0.011041818454545455,-0.09298870993548386,-0.011583899833333333,-0.21421806303225807,-0.026814193161290335,-0.23339999900000002,-0.2041666666666667,0.02269677419354839,-0.0460958620689655,0.00257,-0.03688187096774193,-0.05259633333333333,-0.10894032258064516,-0.08519677419354837,0.042298
Missouri,78.45666666666666,1115.2903225806451,0.0,0.0,553.7741935483871,281.1,3.434267741935484,175.80645161290323,1529.0,2.745366666666667,23.7516129032258,0.0,0,18.796774193548384,14.91333333333333,0.050451612903225806,9.41258064516129,27.990000000000002,-0.16239999999999996,-0.03214516129032258,0.006105172413793104,0.00128,-0.03207741935483871,-0.04789999999999999,-0.017434193548387093,-0.10188387096774197,-0.04844,-0.23593333333333338,-0.12241935483870968,0.0012945172413793098,0.004729090909090909,-0.10288064516129032,-0.12530000000000002,-0.038732935483870974,-0.1885806451612903,-0.18150000000000002,-0.14458999999999997,-0.002052225806451613,0.011340344827586208,0.001405909090909091,-0.011007741935483872,-0.02779,-0.005593935483870967,-0.08302903225806449,0.0015685999999999999,-0.3577333346666667,-0.18703225774193544,-0.010993206862068967,-0.01328090890909091,-0.16970967903225806,-0.17416666566666666,-0.1216084193548387,-0.21645161258064513,-0.18069999899999997,-0.374333333,-0.1903548370967742,0.04165793103448276,-0.01507000027272727,-0.15638709741935483,-0.12983666670000005,-0.17358386993548386,-0.18117741954838706,-0.16369999999999998,-0.20615333333333338,0.050954838709677416,-0.012909655172413792,-0.007033636363636364,0.006610612903225805,0.008516666666666665,-0.09646612903225807,-0.06668709677419356,0.06612999999999998
Montana,35.983333333333334,535.1935483870968,0.0,0.0,214.45483870967743,61.68666666666666,3.6239999999999997,43.99999999999999,763.2,0.8731333333333332,7.745161290322579,0.0,0,3.3458064516129036,1.8103333333333338,0.03621935483870968,1.5174193548387103,10.792,-0.2187666666666667,-0.03465806451612904,0.007692758620689653,0.005489999999999999,-0.03626451612903226,-0.08533666666666666,-0.03872977419354839,-0.152741935483871,-0.033120000000000004,-0.3248,-0.0548,0.04226206896551724,0.009933181818181818,-0.0762290322580645,-0.15513333333333332,-0.002053870967741936,-0.2449032258064516,-0.04999,-0.19626666666666667,-0.022416129032258064,-0.0064212758620689646,0.004525454545454545,-0.021106451612903226,-0.06552,-0.05051290322580645,-0.14061290322580647,-0.015780000000000002,-0.36596666733333333,-0.23893548322580652,-0.004178586172413795,0.009574545454545454,-0.2099032261290323,-0.20803333300000007,-0.13629193561290323,-0.20664516225806456,-0.23299999899999996,-0.368366666,-0.16622580645161292,0.07298965434482758,0.018612727272727277,-0.1538354821935484,-0.14923333366666663,-0.1333451605483871,-0.15418709641935485,-0.15460000100000001,-0.2546333333333334,-0.11869032258064516,0.05345241379310345,0.009195454545454541,-0.12497741935483872,-0.15509666666666663,-0.0393874193548387,-0.15397741935483875,-0.1442
Nebraska,77.40333333333335,1566.5483870967741,0.2692068965517241,0.0,1153.258064516129,875.4666666666667,2.8048709677419352,509.64516129032256,1856.6,1.4922333333333335,19.0258064516129,0.0,0,15.780645161290321,11.931999999999999,0.02164516129032258,6.404516129032259,21.56,-0.10905000000000002,-0.032454838709677414,-0.006557931034482759,-0.006029454545454545,-0.041903225806451616,-0.047489999999999984,-0.028687096774193552,-0.07362258064516128,-0.029830000000000002,-0.2679,-0.17235483870967735,-0.004906527586206897,0.0014641545454545455,-0.1752580645161291,-0.19596666666666665,-0.0721451612903226,-0.235,-0.17419999999999997,-0.06963000000000001,0.009241290322580645,-0.00698448275862069,-0.008266363636363638,-0.004612433548387094,-0.003696516666666667,-0.017298387096774195,-0.03336451612903227,0.014620000000000003,-0.2795666663333333,-0.11777419354838711,0.012656896586206896,0.008968554545454544,-0.1102806451290323,-0.13360000066666672,-0.08389312845161292,-0.1905483870967742,-0.11559999900000002,-0.276366668,-0.10275483941935483,0.10385068903448276,0.01934181827272727,-0.08481612906451612,-0.046691167033333335,-0.12041548393548387,-0.13234612912903224,-0.1043199996,-0.20826666666666666,-0.09700322580645164,0.009771206896551725,0.0033585454545454548,-0.10101935483870969,-0.11434000000000002,-0.10675419354838711,-0.11262580645161291,-0.07910999999999999
Nevada,105.66000000000001,1966.6129032258063,0.0,0.0,1062.7096774193549,395.8666666666667,7.184570967741935,223.29032258064515,2314.1,4.359333333333334,34.961290322580645,0.0,0,20.78709677419355,15.156666666666666,0.12886129032258065,11.18483870967742,44.839999999999996,-0.27046666666666663,-0.10314193548387095,0.011535172413793104,0.005171818181818181,-0.1138709677419355,-0.13810000000000003,-0.03958364516129033,-0.23316129032258068,-0.0979,-0.46456666666666663,-0.2385483870967742,0.008456206896551724,0.00421,-0.24196774193548387,-0.27170000000000005,-0.07813548387096775,-0.43406451612903224,-0.21680000000000002,-0.22116666666666668,-0.06801612903225805,0.012972413793103446,0.006654545454545455,-0.08854193548387096,-0.11951666666666667,-0.02881741935483871,-0.19229032258064518,-0.07050999999999999,-0.46970000066666656,-0.25535483903225803,-0.010326413827586206,-0.002851818181818182,-0.23587096548387101,-0.24616666766666667,-0.1898451599032258,-0.35012903161290326,-0.24180000100000001,-0.5266999996666667,-0.31138709612903226,0.08173713772413795,0.0022763637272727277,-0.27119354774193544,-0.2684666643333333,-0.2556493571290323,-0.3844193535483871,-0.278900001,-0.3346666666666667,-0.12549354838709678,0.011759655172413792,0.0013781818181818168,-0.14590322580645163,-0.14723333333333335,-0.11308638064516129,-0.21948387096774194,-0.10817000000000002
New Hampshire,90.21000000000001,512.2903225806451,0.0,0.0,453.1290322580645,391.73333333333335,5.296983870967742,258.61290322580646,546.2,2.472966666666666,31.19354838709678,0.0,0,29.06129032258065,23.459999999999994,0.040354838709677425,12.057419354838709,31.810000000000002,-0.2735666666666666,-0.04311612903225807,0.005282068965517242,0.00384,-0.0591,-0.09492000000000002,-0.04312161290322581,-0.19780645161290325,-0.03321,-0.45730000000000004,-0.18967741935483873,-0.004564341379310345,0.00456809090909091,-0.1938387096774193,-0.26053333333333334,-0.0987548387096774,-0.39429032258064506,-0.1905,-0.257,-0.015168709677419349,0.006357931034482759,0.004953636363636364,-0.035954838709677424,-0.08061666666666666,-0.034628838709677416,-0.1846774193548387,-0.0022765999999999997,-0.43486666566666654,-0.26245161064516126,-0.021357241517241377,0.009419182090909091,-0.24303225580645166,-0.2654666660000001,-0.16012580496774192,-0.3376774193548387,-0.257799994,-0.42856666766666673,-0.2674838712903226,0.025338965896551723,0.01445545418181818,-0.2709354835483871,-0.233033334,-0.16650257890322584,-0.2585838713225807,-0.22699999899999995,-0.19849999999999998,-0.0733258064516129,-0.004796013793103448,-0.00914090909090909,-0.06306129032258065,-0.017648033333333334,-0.06249374193548387,-0.05135677419354838,-0.04869
New Jersey,820.6666666666666,2105.548387096774,0.0,0.0,1984.967741935484,1880.0,33.58246451612903,1623.5806451612902,2180.0,38.53966666666667,158.5483870967742,0.0,0,154.51612903225808,141.9,0.42335806451612906,112.19032258064516,159.2,-0.25826666666666664,-0.09187419354838708,0.007207586206896552,0.003754545454545455,-0.10769677419354842,-0.15186666666666668,-0.036301806451612906,-0.2246129032258064,-0.08392999999999999,-0.39590000000000003,-0.2007096774193549,-0.004531572413793104,0.003822727272727273,-0.21277419354838709,-0.3015666666666667,-0.07411935483870967,-0.393290322580645,-0.21390000000000003,-0.2526333333333334,-0.07570645161290324,0.01148448275862069,0.004053636363636363,-0.09866129032258063,-0.1436666666666667,-0.029275161290322583,-0.21661290322580648,-0.05685,-0.47670000099999993,-0.23583870935483878,-0.011003206827586208,-0.0008099999999999998,-0.22483870870967737,-0.3350333333333333,-0.1765677420322581,-0.39312903322580645,-0.208899999,-0.5095999956666666,-0.24625806258064517,0.02691000006896551,0.014613636545454545,-0.22767741967741945,-0.3264666676666667,-0.22200032351612908,-0.4090322577419356,-0.230399996,-0.2679000000000001,-0.09595806451612901,-0.004324310344827586,0.0019414545454545448,-0.05852612903225807,-0.064534,-0.10308709677419355,-0.13921935483870967,-0.08565999999999999
New Mexico,78.55333333333334,1110.516129032258,0.0,0.0,775.516129032258,474.2,3.057580645161291,273.8709677419355,1239.7,2.341,34.038709677419355,0.0,0,26.94193548387097,20.92,0.024609677419354836,11.906774193548385,38.2,-0.21306666666666665,-0.09753548387096775,0.026031034482758623,0.011541818181818179,-0.10061290322580647,-0.11630000000000001,0.00298758064516129,-0.20061290322580652,-0.08646000000000001,-0.30333333333333334,-0.1716129032258064,0.0067648275862068966,0.0141,-0.15619354838709676,-0.1802,-0.02790709677419355,-0.2881290322580644,-0.1626,-0.1722233333333333,-0.06503225806451612,0.04740344827586207,0.011520909090909092,-0.0801516129032258,-0.09549333333333333,0.03703903225806451,-0.17303225806451608,-0.05184000000000001,-0.4522666659999999,-0.27938709548387103,-0.014776620758620691,-0.0072672727272727255,-0.2609677422580645,-0.28146666733333336,-0.15267742012903227,-0.3797741935483871,-0.276000001,-0.4500333326666667,-0.32338709903225815,0.05507275810344827,-0.008047272636363635,-0.2649999993548387,-0.239966666,-0.16712516132258065,-0.3394838709677419,-0.296999999,-0.30583333333333323,-0.10076451612903228,0.004289172413793103,-0.0008981818181818188,-0.12443870967741937,-0.15343333333333334,-0.09687338709677419,-0.20203225806451616,-0.09079000000000001
New York,1084.5333333333333,2210.2258064516127,0.0,0.0,2104.3548387096776,1997.3666666666666,77.08216387096775,1799.1612903225807,2280.4,72.85333333333334,163.48387096774192,0.0,0,161.80645161290323,157.26666666666668,1.3176774193548386,141.6451612903226,164.0,-0.2914666666666667,-0.10446451612903226,0.006596896551724138,0.004878181818181819,-0.12722580645161294,-0.16483333333333333,-0.0488041935483871,-0.2458709677419355,-0.09121,-0.4207000000000001,-0.2011290322580645,-0.004776862068965518,0.004333636363636364,-0.22583870967741937,-0.2910333333333333,-0.09045806451612902,-0.3884516129032257,-0.2044,-0.3064666666666667,-0.10565161290322583,0.008497586206896552,0.006313636363636363,-0.1301935483870968,-0.17499999999999996,-0.045094390000000005,-0.2650322580645161,-0.08994,-0.46169999966666686,-0.24938709709677426,-0.020896896448275866,-0.0010609090909090907,-0.25351613032258075,-0.3248666643333333,-0.17677419548387097,-0.3839999983870967,-0.22639999599999996,-0.5534999973333334,-0.31706451419354836,0.02855448265517242,-0.007066363727272728,-0.3156451625806452,-0.38403333266666667,-0.2585950013225806,-0.4647741948387098,-0.303000001,-0.28936666666666666,-0.09860645161290324,-0.021557344827586204,0.010405454545454546,-0.11418387096774194,-0.10920333333333335,-0.12068645161290323,-0.16493548387096776,-0.07639
North Carolina,53.48333333333333,1387.1290322580646,0.0,0.0,894.4516129032259,439.26666666666665,2.650277096774193,176.4516129032258,1678.8,1.5270666666666666,22.625806451612902,0.0,0,15.496774193548386,11.085000000000003,0.009839677419354839,6.2712903225806444,27.630000000000003,-0.20356666666666667,-0.08073870967741936,0.005160000000000001,0.00192,-0.08958709677419355,-0.10327000000000001,-0.019615483870967742,-0.1700322580645161,-0.07665,-0.3458666666666667,-0.2026451612903226,-0.012336206896551722,-0.0007963636363636364,-0.20958064516129035,-0.23183333333333334,-0.05912258064516128,-0.3258064516129032,-0.20329999999999998,-0.1604066666666667,-0.03830645161290322,0.012089655172413795,0.005249090909090909,-0.050254838709677424,-0.06827666666666667,-0.0048987419354838725,-0.12846129032258066,-0.03415,-0.3420666653333334,-0.1499032270967742,-0.01808448275862069,-0.001870909090909091,-0.12988709932258066,-0.14230000066666668,-0.10153032180645162,-0.23303225677419354,-0.1154000007,-0.42060000066666675,-0.15096774451612904,0.0245451724137931,0.0011936727272727273,-0.10819032287096773,-0.09883999939999999,-0.168604840516129,-0.24938709806451614,-0.07415299880000001,-0.2904666666666666,-0.09095483870967742,-0.003108889655172414,-0.0003111818181818181,-0.09780322580645165,-0.11882666666666669,-0.08651322580645163,-0.19303225806451613,-0.06514999999999999
North Dakota,64.86666666666666,1156.3870967741937,0.0,0.0,633.6129032258065,408.1,3.3290645161290326,244.5483870967742,1746.6,1.2946000000000002,16.793548387096777,0.0,0,12.509677419354839,10.342,0.03809677419354838,5.629677419354838,20.630000000000003,-0.2863,-0.11370967741935487,0.019024827586206897,0.009263636363636365,-0.10174516129032259,-0.1579,-0.01911838709677419,-0.2712580645161291,-0.1021,-0.5099666666666667,-0.11080645161290326,0.03140344827586206,0.022727272727272724,-0.1186451612903226,-0.30196666666666666,-0.037180000000000005,-0.5175161290322583,-0.1101,-0.21493333333333334,-0.12367741935483874,0.017216068965517244,0.0038843636363636368,-0.11225806451612907,-0.1156866666666667,-0.02209903225806452,-0.19545161290322582,-0.10601000000000001,-0.31333333366666666,-0.22151612838709678,0.01607741386206897,0.009097272727272728,-0.18445161354838713,-0.18533333300000002,-0.12934838680645167,-0.1800967751612903,-0.2171,-0.293133333,-0.19296774096774194,0.1472462088275862,0.05593636409090908,-0.18103225870967746,-0.12673000050000002,-0.09070967503225806,-0.10283548432258062,-0.199600002,-0.13255,-0.07200000000000001,0.022274482758620685,0.005760909090909092,-0.05730903225806452,-0.05292666666666666,-0.05716387096774194,-0.010926129032258066,-0.05967
Ohio,81.91000000000001,922.7741935483871,0.0,0.0,608.3548387096774,365.03333333333336,3.339658064516129,233.8709677419355,1109.3,3.569366666666667,32.754838709677415,0.0,0,26.799999999999997,21.990000000000002,0.060443548387096785,13.713548387096772,36.42,-0.2328666666666667,-0.05554193548387099,0.008343103448275862,0.001791818181818182,-0.06260645161290322,-0.07652333333333332,-0.02990103225806452,-0.16700000000000004,-0.053160000000000006,-0.35853333333333326,-0.12677419354838712,0.0010188662068965518,0.0004784545454545453,-0.1267096774193549,-0.16360000000000002,-0.05752786129032258,-0.29470967741935483,-0.1376,-0.19053333333333336,-0.02899677419354839,0.014491724137931032,0.004278181818181818,-0.04151935483870968,-0.049293333333333335,-0.01583652580645161,-0.13101935483870972,-0.02038,-0.41270000333333334,-0.2266451632258065,-0.013592413862068964,0.0018681819090909095,-0.20458064483870975,-0.19536666533333324,-0.16229999964516129,-0.2636129051612903,-0.22339999900000002,-0.4329999983333332,-0.21896774129032262,0.03218572420689654,0.008397273000000004,-0.17222580612903227,-0.10852333346666668,-0.17883199987096776,-0.19605161503225807,-0.202799999,-0.20416666666666664,-0.003329741935483872,-0.02858713793103448,-0.008390909090909093,-0.014079032258064514,0.011092633333333334,-0.11331387096774194,-0.0707232258064516,0.014528000000000003
Oklahoma,57.176666666666684,1216.741935483871,0.0,0.0,601.6451612903226,233.9,2.502016129032258,130.80645161290323,1595.3,3.1095666666666664,16.92258064516129,0.0,0,11.309999999999999,9.138666666666664,0.08231290322580645,7.236129032258065,21.38,-0.1386,-0.06147096774193547,0.008739655172413794,0.0042636363636363635,-0.06547741935483871,-0.0585066666666667,-0.025868193548387097,-0.08303225806451611,-0.05963999999999999,-0.2528,-0.154258064516129,0.007870620689655173,0.01025909090909091,-0.1510967741935484,-0.13769999999999996,-0.05761870967741935,-0.17970967741935484,-0.15709999999999996,-0.1077866666666667,-0.03129677419354839,0.009160689655172412,0.001914818181818182,-0.042161290322580654,-0.04232666666666666,-0.009947096774193547,-0.06271935483870968,-0.0242,-0.37713333333333326,-0.2829354861290323,-0.011679375896551727,-0.005258272727272728,-0.2454838696774194,-0.23730000166666673,-0.13272838783870966,-0.2064838735483871,-0.281300003,-0.35476666766666665,-0.24348387000000005,0.03281868951724137,0.020464545545454543,-0.20735483774193547,-0.14955333416666666,-0.14413871093548386,-0.09472354896774195,-0.2431,-0.1938133333333333,-0.00021406451612903085,-0.018548172413793106,-0.0023854545454545443,-0.02909290322580645,-0.009028133333333332,-0.07256516129032259,-0.03303709677419355,-0.010258399999999999
Oregon,39.893333333333324,545.6774193548387,0.0016344827586206895,0.0,322.35483870967744,145.76666666666668,3.5357870967741944,82.97419354838709,660.4,1.4455666666666669,9.342258064516129,0.0,0,6.0774193548387085,4.284,0.09869677419354839,3.182903225806452,11.48,-0.21300000000000002,-0.08572903225806452,0.014923103448275861,0.0063363636363636365,-0.09198387096774194,-0.11488666666666668,-0.035455193548387096,-0.18906451612903225,-0.10241,-0.2584,-0.32300000000000006,0.009666206896551725,0.008311818181818182,-0.27848387096774185,-0.24096666666666666,-0.06070580645161291,-0.25106451612903224,-0.3637,-0.22199999999999995,-0.04357096774193549,0.017651724137931035,0.008235454545454546,-0.06296451612903227,-0.10943,-0.03093258064516129,-0.205,-0.06019000000000001,-0.4080333326666664,-0.24732257967741939,0.01648706920689655,-0.0024579999999999997,-0.23077419387096773,-0.26510000166666664,-0.14585290387096775,-0.32954838483870974,-0.248399998,-0.35569999933333335,-0.19729032322580645,0.09906448362068963,-0.008318181818181818,-0.1773225806451613,-0.19513333266666663,-0.12592977341935482,-0.23019354677419357,-0.20340000100000002,-0.2990666666666667,-0.1093483870967742,0.02785758620689655,0.005300909090909092,-0.10620322580645164,-0.1549333333333333,-0.09587812225806451,-0.2261935483870967,-0.08859
Pennsylvania,214.2133333333333,1004.2903225806451,0.0,0.0,809.0322580645161,655.1,6.01266129032258,502.5806451612903,1120.1,7.969566666666666,58.71612903225807,0.0,0,54.7483870967742,49.01333333333333,0.06750096774193548,33.78387096774193,61.21,-0.24403333333333332,-0.07500967741935483,0.005720689655172415,0.0023345454545454546,-0.0827548387096774,-0.11603333333333335,-0.03150622580645162,-0.19035483870967743,-0.07604999999999998,-0.36873333333333336,-0.1819677419354839,0.0009346896551724139,0.006173636363636364,-0.178516129032258,-0.24509999999999998,-0.058438387096774194,-0.3459354838709677,-0.1934,-0.2267,-0.05266129032258064,0.005771724137931034,0.0014618181818181815,-0.06574193548387096,-0.09412000000000001,-0.025367741935483867,-0.1669354838709677,-0.052750000000000005,-0.44983333633333333,-0.1890645167741936,-0.005717931068965517,0.0008219090909090911,-0.1780000032258064,-0.2593333326666667,-0.19123870916129035,-0.34132257774193553,-0.180000002,-0.5079999983333334,-0.17274193612903227,0.040250345827586215,0.005462727363636363,-0.12566451619354838,-0.18520000100000003,-0.23210874129032258,-0.3337419348387097,-0.177700003,-0.2540333333333333,-0.04328677419354838,-0.01563206896551724,-0.002271818181818182,-0.04868387096774194,-0.04607200000000001,-0.12714451612903224,-0.13735806451612903,-0.020675000000000006
Rhode Island,376.2866666666667,1933.8064516129032,0.0,0.0,1674.483870967742,1514.5333333333333,7.832032258064516,1160.967741935484,2107.6,10.8808,96.73548387096773,0.0,0,92.99032258064516,80.18333333333334,0.051774193548387096,47.10967741935484,99.73,-0.3338,-0.058135483870967744,0.0015022931034482758,0.004258181818181818,-0.0871645161290323,-0.14090000000000005,-0.06795822580645162,-0.2598387096774193,-0.05915,-0.5041,-0.1855483870967742,0.005935517241379309,0.009820909090909092,-0.22038709677419352,-0.3068333333333333,-0.10745438709677423,-0.4546451612903226,-0.2017,-0.3332666666666667,-0.03985483870967741,-0.0018289758620689657,0.0026263636363636363,-0.07128064516129033,-0.13421666666666665,-0.06736790322580645,-0.2562258064516129,-0.042269999999999995,-0.48593333200000005,-0.32096774064516137,-0.031000000034482757,0.0013534543636363637,-0.2896774177419356,-0.32020000066666665,-0.17270128967741932,-0.4103870980645163,-0.32360000399999994,-0.5117666686666665,-0.3825806458064516,0.014836896655172412,0.008941818090909092,-0.32190322548387096,-0.3181666686666666,-0.2125354838064516,-0.40303226129032255,-0.36930000300000004,-0.3726333333333332,-0.09301612903225809,0.0019454482758620693,-0.010277181818181817,-0.0907032258064516,-0.17471999999999996,-0.17883548387096773,-0.24906451612903224,-0.04741000000000001
South Carolina,73.29666666666665,2054.0967741935483,0.0,0.0,1239.4516129032259,412.03333333333336,3.964890322580645,169.1290322580645,2406.3,2.1257333333333333,43.9032258064516,0.0,0,22.00645161290322,11.934666666666665,0.07953548387096775,7.352903225806452,55.760000000000005,-0.20663333333333336,-0.05821935483870967,0.0019851068965517247,0.0041,-0.06440322580645161,-0.07439,-0.029124038709677415,-0.15256451612903227,-0.06452,-0.3329666666666666,-0.1494838709677419,-0.008630172413793104,0.00345,-0.1458387096774194,-0.1604666666666666,-0.0696709677419355,-0.2716774193548388,-0.1639,-0.16623333333333332,-0.02355161290322581,0.007810689655172415,0.006818181818181818,-0.03774193548387097,-0.049429999999999995,-0.010285806451612905,-0.11991290322580644,-0.031179999999999996,-0.31823333266666676,-0.1307096790322581,-0.010906896586206895,-0.0022450909090909084,-0.10556774177419355,-0.11403333333333333,-0.0952719359032258,-0.17841935548387095,-0.05752984010000001,-0.41116666699999993,-0.17419354838709672,0.023162103517241385,0.005180818181818181,-0.145164518,-0.08518666739999999,-0.18551516283870967,-0.16832258103225806,-0.025879997099999996,-0.20246666666666668,0.030629999999999994,-0.026582758620689654,0.0027645454545454553,0.00019335483870967627,-0.025277226666666663,-0.08553438709677422,-0.07333225806451614,0.10078000000000001
South Dakota,136.5,1192.258064516129,0.0,0.0,875.516129032258,670.5333333333333,2.593322580645161,433.5483870967742,1681.9,0.7946666666666665,17.167741935483868,0.0,0,12.658064516129032,8.601333333333335,0.08019354838709677,4.6580645161290315,19.43,-0.11579333333333336,-0.02996129032258064,-0.016700000000000003,0.0030944545454545448,-0.03839677419354838,-0.04998999999999999,-0.01683235483870968,-0.0947967741935484,-0.02338,-0.21366666666666667,-0.07100967741935484,-0.03452034482758621,0.018830909090909093,-0.0900967741935484,-0.15996666666666665,-0.05395774193548388,-0.20935483870967744,-0.07507,-0.11606333333333327,-0.0358,-0.018218965517241375,0.007511545454545455,-0.04649677419354839,-0.058089999999999996,-0.020075967741935482,-0.10545483870967741,-0.0334,-0.22660000066666672,-0.16299999967741935,0.019641379241379313,0.007522727454545456,-0.1303741946451613,-0.12168666676666667,-0.03236129,-0.12578064461290325,-0.15700000199999997,-0.26386666533333336,-0.16199999903225806,0.08094241393103449,0.04576363763636364,-0.11901935500000001,-0.060173334333333335,-0.07717129306451613,-0.11528516103225804,-0.12136999909999999,-0.2737,-0.10400322580645165,0.035248275862068974,0.012672727272727275,-0.13601290322580642,-0.15326666666666666,-0.12999322580645162,-0.18341935483870966,-0.11747
Tennessee,91.43333333333334,1896.516129032258,0.0,0.0,1041.4516129032259,466.96666666666664,5.842332258064516,253.4516129032258,2343.2,1.8261333333333336,20.235483870967744,0.0,0,11.740322580645165,7.053333333333333,0.027864516129032256,4.179677419354839,26.919999999999998,-0.17919999999999997,-0.07528709677419354,0.010782068965517243,0.004390000000000001,-0.07832580645161291,-0.08043999999999998,-0.01988129032258065,-0.13179677419354843,-0.06783,-0.2994333333333334,-0.15735483870967742,0.005788620689655172,0.0064136363636363635,-0.16229032258064516,-0.17916666666666667,-0.03954445161290323,-0.25370967741935485,-0.1587,-0.1492333333333333,-0.04953548387096775,0.009330344827586209,0.005221818181818182,-0.05541935483870968,-0.05693666666666665,-0.021413225806451615,-0.10186774193548385,-0.03485,-0.39496666766666666,-0.20387096838709678,-0.01943975862068966,-0.0036254545454545454,-0.16900000064516124,-0.16860000033333336,-0.16169354867741936,-0.2209354825806452,-0.190699999,-0.4232333343333332,-0.20977419193548383,0.02968482765517242,0.0003286364545454545,-0.1535451623548387,-0.1078166667666667,-0.21160967641935483,-0.1866451616129032,-0.185999998,-0.10839333333333336,-0.002418716129032259,-0.02883372068965517,-0.012130636363636364,-0.013866451612903225,0.01689366666666668,-0.08113774193548388,0.003603870967741935,0.004009700000000002
Texas,56.81666666666668,1915.8064516129032,0.010822413793103449,0.0,1056.4516129032259,355.3666666666667,2.2962064516129033,162.80645161290323,2285.0,1.4109333333333332,31.841935483870966,0.0,0,13.475806451612906,7.1336666666666675,0.030048387096774192,4.4554838709677425,43.08999999999999,-0.16916666666666663,-0.08566774193548385,0.015013793103448272,0.0068263636363636365,-0.08681935483870969,-0.07427333333333333,-0.01330493548387097,-0.12155483870967741,-0.08037000000000001,-0.29269999999999996,-0.18651612903225798,0.006492758620689655,0.005032727272727273,-0.18480645161290324,-0.1786333333333333,-0.04645218709677419,-0.24919354838709687,-0.1769,-0.13957999999999998,-0.059354838709677414,0.02202413793103448,0.010553636363636364,-0.061916129032258065,-0.04892333333333333,0.0015425806451612948,-0.09324838709677422,-0.05427,-0.36336666500000003,-0.27000000129032264,-0.008432586206896553,0.0013176363636363637,-0.24283870709677424,-0.22236666666666666,-0.12188903374193547,-0.21590322516129035,-0.26889999800000003,-0.4112999996666667,-0.316032259032258,0.04300379355172413,0.012937091090909092,-0.27703225838709683,-0.22180000233333336,-0.16247774148387095,-0.21348387000000002,-0.30669999699999995,-0.24616666666666667,-0.08062580645161291,0.0002072620689655174,0.004462727272727274,-0.13019354838709676,-0.12502333333333332,-0.0852832258064516,-0.13743225806451612,-0.06693
Utah,85.54333333333332,1454.0645161290322,0.005379310344827587,0.0,994.8064516129032,482.8,5.596690322580645,222.93548387096774,1697.5,0.7502999999999999,11.40258064516129,0.0,0,7.350645161290319,4.464333333333334,0.02013548387096774,2.487741935483871,13.14,-0.1679,-0.09639032258064516,0.01188896551724138,0.005463636363636364,-0.09881290322580652,-0.09668999999999997,-0.030411258064516132,-0.13706451612903228,-0.091,-0.28523333333333334,-0.1627096774193548,0.0029239620689655173,0.01105181818181818,-0.17693548387096772,-0.17796666666666666,-0.08330967741935483,-0.24345161290322584,-0.17529999999999998,-0.13017666666666658,-0.07497741935483872,0.019972413793103442,0.006090909090909091,-0.07503548387096773,-0.07977666666666666,-0.002414313225806448,-0.11554516129032259,-0.06337,-0.26920000066666666,-0.18322580838709682,-0.013170655206896554,-0.009303636363636363,-0.17180645161290325,-0.16436666866666666,-0.10793548387096774,-0.14338709677419356,-0.173700002,-0.27793333466666675,-0.2191290316129032,0.03784196517241379,0.007641818090909091,-0.19690322580645167,-0.16693333433333335,-0.12882161396774194,-0.1209032263548387,-0.19519999700000001,-0.2456666666666667,-0.057412903225806444,0.003557689655172414,0.00471,-0.09310967741935484,-0.11783333333333333,-0.06516935483870967,-0.12206451612903226,-0.019366100000000004
Vermont,113.1,242.4516129032258,0.0,0.0,211.93548387096774,179.26666666666668,9.562709677419356,150.1290322580645,263.8,5.118333333333334,9.272580645161295,0.0,0,8.980322580645161,8.879333333333335,0.48016129032258065,8.531290322580647,9.299999999999999,-0.33809999999999996,-0.14322580645161284,-0.008215931034482758,0.0012529636363636364,-0.1608387096774193,-0.19619999999999999,-0.07132903225806453,-0.288,-0.13699999999999998,-0.4983333333333333,-0.30929032258064515,-0.009357241379310344,0.018964545454545453,-0.3300967741935484,-0.3640333333333333,-0.11986451612903225,-0.4583225806451613,-0.32219999999999993,-0.3329000000000001,-0.12529032258064518,-0.012553793103448275,-0.0007994363636363637,-0.140741935483871,-0.18303333333333335,-0.06437096774193547,-0.28303225806451615,-0.1187,-0.4272999970000001,-0.22351613,-0.01534344827586207,0.014729090909090912,-0.2084516125806452,-0.23853333266666668,-0.16348709629032254,-0.31945161096774183,-0.206899999,-0.48653333299999996,-0.3688709667741935,-0.015028621034482758,0.004956000000000001,-0.35809677354838704,-0.33706666600000007,-0.2366064491935484,-0.3514516141935484,-0.30579999700000005,-0.1965333333333334,-0.012363548387096772,-0.03835827586206896,0.006527272727272728,0.002206774193548387,-0.01697066666666667,-0.07062290322580647,-0.036142903225806454,0.035970999999999996
Virginia,87.46000000000001,1243.967741935484,0.0,0.0,880.9032258064516,642.1666666666666,2.6367870967741935,349.80645161290323,1477.5,2.7414333333333336,28.038709677419355,0.0,0,23.29032258064516,18.37666666666667,0.06120645161290322,11.599032258064517,31.28,-0.17063333333333328,-0.07327741935483871,0.00784255172413793,0.0005685454545454545,-0.08242903225806453,-0.09864666666666665,-0.019519354838709677,-0.15141935483870966,-0.07544999999999999,-0.3242333333333333,-0.18493548387096775,-0.0030810344827586207,0.0012955454545454548,-0.2022580645161291,-0.24906666666666671,-0.056493548387096776,-0.3188709677419354,-0.19140000000000001,-0.16246666666666665,-0.06956774193548387,0.008274482758620689,0.0024063636363636366,-0.08299032258064515,-0.09889666666666669,-0.016813064516129034,-0.14774193548387093,-0.06947,-0.3657000006666667,-0.19819354612903228,-0.009372758655172415,0.0016054545454545455,-0.18054838741935486,-0.2061333333333334,-0.11999999925806452,-0.2838709664516129,-0.183100003,-0.43409999899999996,-0.2289677406451613,0.022821379620689648,-0.00255272709090909,-0.19800000032258064,-0.20709999966666667,-0.19532193683870966,-0.31967742,-0.22799999899999998,-0.2638333333333334,-0.07619354838709676,-0.011857689655172414,-0.008480363636363635,-0.08472258064516129,-0.10749,-0.10485854838709677,-0.16812903225806444,-0.050989999999999994
Washington,143.39666666666665,911.0645161290323,0.027137931034482757,0.0131,609.6451612903226,370.3,19.56732258064516,251.90322580645162,1051.7,7.415000000000001,24.316129032258065,0.0004517241379310345,0,19.525806451612905,16.15,1.0067806451612904,13.04516129032258,26.820000000000004,-0.2169333333333334,-0.06317096774193548,0.018931034482758617,0.007995454545454543,-0.07373225806451614,-0.10547999999999999,-0.02389516129032258,-0.18706451612903227,-0.05243,-0.34796666666666665,-0.15019354838709673,-0.06972758620689655,-0.03846363636363636,-0.18532258064516127,-0.21606666666666668,-0.13497096774193548,-0.29851612903225816,-0.1419,-0.23820000000000002,-0.08114193548387098,0.028741379310344827,0.012518181818181817,-0.08887741935483867,-0.13203333333333334,-0.012804193548387096,-0.22216129032258072,-0.07137000000000002,-0.41283333300000014,-0.24132257935483878,0.05358413789655172,-0.0023709090909090906,-0.2229999993548388,-0.2781333333333333,-0.1622838709677419,-0.3404838687096774,-0.23349999700000001,-0.46219999966666675,-0.27461290258064514,0.1529827616206897,0.002300909181818181,-0.25599999838709675,-0.2975999999999999,-0.20110903106451614,-0.35803225741935474,-0.254799997,-0.30779999999999996,-0.08234838709677421,0.05972268965517241,0.01747272727272727,-0.10403225806451614,-0.15933333333333335,-0.11418806451612903,-0.21019354838709678,-0.07561
West Virginia,39.64666666666667,472.51612903225805,0.0,0.0,262.2258064516129,133.56666666666666,1.5593161290322581,85.37419354838711,629.5,0.9580333333333332,8.937096774193549,0.0,0,5.581935483870966,4.8599999999999985,0.005399999999999999,3.511612903225806,13.550000000000002,-0.17856666666666665,-0.07950645161290322,-0.0008325862068965513,0.00517,-0.09383870967741935,-0.12210000000000003,-0.03796419354838711,-0.17022580645161287,-0.07885,-0.24706666666666663,-0.12280645161290327,-0.002247124137931035,0.010709090909090911,-0.13990322580645162,-0.18513333333333334,-0.056461290322580654,-0.23145161290322586,-0.12610000000000002,-0.15611666666666665,-0.06424193548387096,-0.00042955172413792987,0.0031163636363636367,-0.08197741935483872,-0.10027333333333335,-0.03130645161290323,-0.1456451612903226,-0.05515,-0.4026666663333333,-0.1775483877419355,-0.011423786379310347,0.0023036363636363636,-0.15301290222580644,-0.15590000033333334,-0.1353024532580645,-0.24464515935483874,-0.187500001,-0.433199998,-0.1913870977419355,0.013138965137931035,-0.0062227278181818165,-0.16191935551612904,-0.06636366673333334,-0.21252354741935486,-0.15677838516129036,-0.1756,-0.1531433333333334,0.04337741935483871,-0.037970689655172425,-0.014530909090909093,0.039858064516129034,0.04613800000000001,-0.09519645161290322,-0.02527953225806452,0.08619999999999998
Wisconsin,68.53999999999999,1199.967741935484,0.014827586206896547,0.0,752.1290322580645,435.9,5.180238709677419,216.80645161290323,1472.2,3.092033333333333,18.016129032258064,0.0,0,14.625806451612899,12.163333333333334,0.07477419354838709,7.713225806451613,20.11,-0.1779,-0.05106451612903225,0.0027685482758620693,0.0035090909090909088,-0.06214516129032258,-0.07464999999999997,-0.02671744193548387,-0.14214516129032256,-0.0501,-0.30389999999999995,-0.13341935483870968,-0.004131068965517241,0.007631818181818183,-0.1341935483870968,-0.16519999999999999,-0.052171290322580645,-0.26938709677419354,-0.15510000000000002,-0.14728666666666665,-0.028180645161290326,0.006235862068965517,0.003164545454545454,-0.0441,-0.05528,-0.01834109677419355,-0.1156741935483871,-0.01763,-0.43050000199999994,-0.25016128677419364,-0.01216137924137931,-0.0020636360909090895,-0.22535483741935486,-0.2346666653333334,-0.18187742035483873,-0.31148387193548394,-0.241299999,-0.4563333353333334,-0.2685806435483871,0.03846727603448277,0.0003554552727272746,-0.23500000000000004,-0.2098,-0.20042258212903227,-0.28612902999999995,-0.24910000100000002,-0.2564666666666667,-0.07587741935483869,0.006303103448275859,0.0071327272727272715,-0.08243870967741934,-0.09491666666666669,-0.11806161290322581,-0.13553870967741932,-0.07766999999999999
Wyoming,63.276666666666664,570.5483870967741,0.0,0.0,356.61290322580646,194.2,4.326387096774194,126.92903225806452,695.2,0.4727333333333335,5.522258064516127,0.0,0,3.958709677419353,3.198999999999998,0.0,1.6716129032258067,7.206,-0.1428333333333333,-0.008974032258064516,-0.0057263448275862066,0.007292727272727273,0.009952870967741938,-0.0061419333333333345,-0.0339258064516129,-0.1048709677419355,-0.03810000000000001,-0.30386666666666673,0.0071448387096774155,-0.031590689655172415,0.008737272727272727,0.016703612903225803,-0.06286133333333332,-0.08422903225806452,-0.2548709677419355,-0.050280000000000005,-0.09309666666666669,-0.007984670967741936,0.008067689655172412,0.003847272727272727,0.013495548387096774,0.013705066666666665,-0.005419732258064517,-0.06575612903225805,-0.03109,-0.3708333346666667,-0.2841935467741935,-0.0380896553448276,0.011203545545454547,-0.2718387090322581,-0.2705333336666667,-0.1450145158064516,-0.2730322551612903,-0.290899998,-0.282600002,-0.20467741967741945,0.0023850348275862073,0.025900000363636367,-0.23464516000000002,-0.2074333333333333,-0.16006225829032258,-0.16387096741935486,-0.20620000100000002,-0.1790866666666667,-0.07209032258064517,-0.013713206896551722,0.0001430909090909079,-0.05833467741935484,-0.05439666666666667,-0.06434290322580645,-0.06522580645161291,-0.049636
